file_path,group,animal_id
/Users/ignaciomgb/Library/Mobile Documents/com~apple~CloudDocs/Antigravity/AnalisisAleSteph/Analisis Ale/Datos/Control/Foto/Hembras/IC57S0C1H1ODEspontaneoFotox10000.mat,CTL_H_Foto,IC57S0C1H1ODEspontaneoFotox10000
/Users/ignaciomgb/Library/Mobile Documents/com~apple~CloudDocs/Antigravity/AnalisisAleSteph/Analisis Ale/Datos/Control/Foto/Hembras/IC57S0C1H1OIEspontaneoFotox10000.mat,CTL_H_Foto,IC57S0C1H1OIEspontaneoFotox10000
/Users/ignaciomgb/Library/Mobile Documents/com~apple~CloudDocs/Antigravity/AnalisisAleSteph/Analisis Ale/Datos/Control/Foto/Hembras/IC57S0C1H2ODEspontaneoFotox10000.mat,CTL_H_Foto,IC57S0C1H2ODEspontaneoFotox10000
/Users/ignaciomgb/Library/Mobile Documents/com~apple~CloudDocs/Antigravity/AnalisisAleSteph/Analisis Ale/Datos/Control/Foto/Hembras/IC57S0C1H2OIEspontaneoFotox10000.mat,CTL_H_Foto,IC57S0C1H2OIEspontaneoFotox10000
/Users/ignaciomgb/Library/Mobile Documents/com~apple~CloudDocs/Antigravity/AnalisisAleSteph/Analisis Ale/Datos/Control/Foto/Hembras/IC57S0C1H3ODEspontaneoFotox10000.mat,CTL_H_Foto,IC57S0C1H3ODEspontaneoFotox10000
/Users/ignaciomgb/Library/Mobile Documents/com~apple~CloudDocs/Antigravity/AnalisisAleSteph/Analisis Ale/Datos/Control/Foto/Hembras/IC57S0C1H3OIEspontaneoFotox10000.mat,CTL_H_Foto,IC57S0C1H3OIEspontaneoFotox10000
/Users/ignaciomgb/Library/Mobile Documents/com~apple~CloudDocs/Antigravity/AnalisisAleSteph/Analisis Ale/Datos/Control/Foto/Hembras/IC57S0C1H4ODEspontaneoFotox10000.mat,CTL_H_Foto,IC57S0C1H4ODEspontaneoFotox10000
/Users/ignaciomgb/Library/Mobile Documents/com~apple~CloudDocs/Antigravity/AnalisisAleSteph/Analisis Ale/Datos/Control/Foto/Hembras/IC57S0C1H4OIEspontaneoFotox10000.mat,CTL_H_Foto,IC57S0C1H4OIEspontaneoFotox10000
/Users/ignaciomgb/Library/Mobile Documents/com~apple~CloudDocs/Antigravity/AnalisisAleSteph/Analisis Ale/Datos/Control/Foto/Hembras/IC57S0C2H1ODEspontaneoFotox10000.mat,CTL_H_Foto,IC57S0C2H1ODEspontaneoFotox10000
/Users/ignaciomgb/Library/Mobile Documents/com~apple~CloudDocs/Antigravity/AnalisisAleSteph/Analisis Ale/Datos/Control/Foto/Hembras/IC57S0C2H1OIEspontaneoFotox10000.mat,CTL_H_Foto,IC57S0C2H1OIEspontaneoFotox10000
/Users/ignaciomgb/Library/Mobile Documents/com~apple~CloudDocs/Antigravity/AnalisisAleSteph/Analisis Ale/Datos/Control/Foto/Hembras/IC57S0C2H2ODEspontaneoFotox10000.mat,CTL_H_Foto,IC57S0C2H2ODEspontaneoFotox10000
/Users/ignaciomgb/Library/Mobile Documents/com~apple~CloudDocs/Antigravity/AnalisisAleSteph/Analisis Ale/Datos/Control/Foto/Hembras/IC57S0C2H2OIEspontaneoFotox10000.mat,CTL_H_Foto,IC57S0C2H2OIEspontaneoFotox10000
/Users/ignaciomgb/Library/Mobile Documents/com~apple~CloudDocs/Antigravity/AnalisisAleSteph/Analisis Ale/Datos/Control/Foto/Hembras/IC57S0C2H3ODEspontaneoFotox10000.mat,CTL_H_Foto,IC57S0C2H3ODEspontaneoFotox10000
/Users/ignaciomgb/Library/Mobile Documents/com~apple~CloudDocs/Antigravity/AnalisisAleSteph/Analisis Ale/Datos/Control/Foto/Hembras/IC57S0C2H3OIEspontaneoFotox10000.mat,CTL_H_Foto,IC57S0C2H3OIEspontaneoFotox10000
/Users/ignaciomgb/Library/Mobile Documents/com~apple~CloudDocs/Antigravity/AnalisisAleSteph/Analisis Ale/Datos/Control/Foto/Hembras/IC57S0C2H4ODEspontaneoFotox10000.mat,CTL_H_Foto,IC57S0C2H4ODEspontaneoFotox10000
/Users/ignaciomgb/Library/Mobile Documents/com~apple~CloudDocs/Antigravity/AnalisisAleSteph/Analisis Ale/Datos/Control/Foto/Hembras/IC57S0C2H4OIEspontaneoFotox10000.mat,CTL_H_Foto,IC57S0C2H4OIEspontaneoFotox10000
/Users/ignaciomgb/Library/Mobile Documents/com~apple~CloudDocs/Antigravity/AnalisisAleSteph/Analisis Ale/Datos/Control/Foto/Hembras/IIC57S0C1H1ODEspontaneoFotox10000.mat,CTL_H_Foto,IIC57S0C1H1ODEspontaneoFotox10000
/Users/ignaciomgb/Library/Mobile Documents/com~apple~CloudDocs/Antigravity/AnalisisAleSteph/Analisis Ale/Datos/Control/Foto/Hembras/IIC57S0C1H1OIEspontaneoFotox10000.mat,CTL_H_Foto,IIC57S0C1H1OIEspontaneoFotox10000
/Users/ignaciomgb/Library/Mobile Documents/com~apple~CloudDocs/Antigravity/AnalisisAleSteph/Analisis Ale/Datos/Control/Foto/Hembras/IIC57S0C1H2OIEspontaneoFotox10000.mat,CTL_H_Foto,IIC57S0C1H2OIEspontaneoFotox10000
/Users/ignaciomgb/Library/Mobile Documents/com~apple~CloudDocs/Antigravity/AnalisisAleSteph/Analisis Ale/Datos/Control/Foto/Hembras/IIC57S0C1H3ODEspontaneoFotox10000.mat,CTL_H_Foto,IIC57S0C1H3ODEspontaneoFotox10000
/Users/ignaciomgb/Library/Mobile Documents/com~apple~CloudDocs/Antigravity/AnalisisAleSteph/Analisis Ale/Datos/Control/Foto/Hembras/IIC57S0C1H3OIEspontaneoFotox10000.mat,CTL_H_Foto,IIC57S0C1H3OIEspontaneoFotox10000
/Users/ignaciomgb/Library/Mobile Documents/com~apple~CloudDocs/Antigravity/AnalisisAleSteph/Analisis Ale/Datos/Control/Foto/Hembras/IIC57S0C2H1ODEspontaneoFotox10000.mat,CTL_H_Foto,IIC57S0C2H1ODEspontaneoFotox10000
/Users/ignaciomgb/Library/Mobile Documents/com~apple~CloudDocs/Antigravity/AnalisisAleSteph/Analisis Ale/Datos/Control/Foto/Hembras/IIC57S0C2H1OIEspontaneoFotox10000.mat,CTL_H_Foto,IIC57S0C2H1OIEspontaneoFotox10000
/Users/ignaciomgb/Library/Mobile Documents/com~apple~CloudDocs/Antigravity/AnalisisAleSteph/Analisis Ale/Datos/Control/Foto/Hembras/IIC57S0C2H2ODEspontaneoFotox10000.mat,CTL_H_Foto,IIC57S0C2H2ODEspontaneoFotox10000
/Users/ignaciomgb/Library/Mobile Documents/com~apple~CloudDocs/Antigravity/AnalisisAleSteph/Analisis Ale/Datos/Control/Foto/Hembras/IIC57S0C2H2OIEspontaneoFotox10000.mat,CTL_H_Foto,IIC57S0C2H2OIEspontaneoFotox10000
/Users/ignaciomgb/Library/Mobile Documents/com~apple~CloudDocs/Antigravity/AnalisisAleSteph/Analisis Ale/Datos/Control/Foto/Hembras/IIC57S0C2H3ODEspontaneoFotox10000.mat,CTL_H_Foto,IIC57S0C2H3ODEspontaneoFotox10000
/Users/ignaciomgb/Library/Mobile Documents/com~apple~CloudDocs/Antigravity/AnalisisAleSteph/Analisis Ale/Datos/Control/Foto/Hembras/IIC57S0C2H3OIEspontaneoFotox10000.mat,CTL_H_Foto,IIC57S0C2H3OIEspontaneoFotox10000
/Users/ignaciomgb/Library/Mobile Documents/com~apple~CloudDocs/Antigravity/AnalisisAleSteph/Analisis Ale/Datos/Control/Foto/Machos/IC57S0C1M1ODEspontaneoFotox10000.mat,CTL_M_Foto,IC57S0C1M1ODEspontaneoFotox10000
/Users/ignaciomgb/Library/Mobile Documents/com~apple~CloudDocs/Antigravity/AnalisisAleSteph/Analisis Ale/Datos/Control/Foto/Machos/IC57S0C1M1OIEspontaneoFotox10000.mat,CTL_M_Foto,IC57S0C1M1OIEspontaneoFotox10000
/Users/ignaciomgb/Library/Mobile Documents/com~apple~CloudDocs/Antigravity/AnalisisAleSteph/Analisis Ale/Datos/Control/Foto/Machos/IC57S0C1M2ODEspontaneoFotox10000.mat,CTL_M_Foto,IC57S0C1M2ODEspontaneoFotox10000
/Users/ignaciomgb/Library/Mobile Documents/com~apple~CloudDocs/Antigravity/AnalisisAleSteph/Analisis Ale/Datos/Control/Foto/Machos/IC57S0C1M2OIEspontaneoFox10000.mat,CTL_M_Foto,IC57S0C1M2OIEspontaneoFox10000
/Users/ignaciomgb/Library/Mobile Documents/com~apple~CloudDocs/Antigravity/AnalisisAleSteph/Analisis Ale/Datos/Control/Foto/Machos/IC57S0C1M3ODEspontaneoFotox10000.mat,CTL_M_Foto,IC57S0C1M3ODEspontaneoFotox10000
/Users/ignaciomgb/Library/Mobile Documents/com~apple~CloudDocs/Antigravity/AnalisisAleSteph/Analisis Ale/Datos/Control/Foto/Machos/IC57S0C1M3OIEspontaenoFotox10000.mat,CTL_M_Foto,IC57S0C1M3OIEspontaenoFotox10000
/Users/ignaciomgb/Library/Mobile Documents/com~apple~CloudDocs/Antigravity/AnalisisAleSteph/Analisis Ale/Datos/Control/Foto/Machos/IC57S0C1M4ODEspontaneoFotoox10000.mat,CTL_M_Foto,IC57S0C1M4ODEspontaneoFotoox10000
/Users/ignaciomgb/Library/Mobile Documents/com~apple~CloudDocs/Antigravity/AnalisisAleSteph/Analisis Ale/Datos/Control/Foto/Machos/IC57S0C1M4OIEspontaneoFotox10000.mat,CTL_M_Foto,IC57S0C1M4OIEspontaneoFotox10000
/Users/ignaciomgb/Library/Mobile Documents/com~apple~CloudDocs/Antigravity/AnalisisAleSteph/Analisis Ale/Datos/Control/Foto/Machos/IC57S0C2M1ODEspontaneoFotox10000.mat,CTL_M_Foto,IC57S0C2M1ODEspontaneoFotox10000
/Users/ignaciomgb/Library/Mobile Documents/com~apple~CloudDocs/Antigravity/AnalisisAleSteph/Analisis Ale/Datos/Control/Foto/Machos/IC57S0C2M2ODEspontaneoFotox10000.mat,CTL_M_Foto,IC57S0C2M2ODEspontaneoFotox10000
/Users/ignaciomgb/Library/Mobile Documents/com~apple~CloudDocs/Antigravity/AnalisisAleSteph/Analisis Ale/Datos/Control/Foto/Machos/IC57S0C2M2OIEspontaneoFotox10000.mat,CTL_M_Foto,IC57S0C2M2OIEspontaneoFotox10000
/Users/ignaciomgb/Library/Mobile Documents/com~apple~CloudDocs/Antigravity/AnalisisAleSteph/Analisis Ale/Datos/Control/Foto/Machos/IC57S0C2M3ODEsponatneoFotox10000.mat,CTL_M_Foto,IC57S0C2M3ODEsponatneoFotox10000
/Users/ignaciomgb/Library/Mobile Documents/com~apple~CloudDocs/Antigravity/AnalisisAleSteph/Analisis Ale/Datos/Control/Foto/Machos/IC57S0C2M3OIEspontaneoFotox10000.mat,CTL_M_Foto,IC57S0C2M3OIEspontaneoFotox10000
/Users/ignaciomgb/Library/Mobile Documents/com~apple~CloudDocs/Antigravity/AnalisisAleSteph/Analisis Ale/Datos/Control/Foto/Machos/IC57S0C2M4ODEspontaneoFotox10000.mat,CTL_M_Foto,IC57S0C2M4ODEspontaneoFotox10000
/Users/ignaciomgb/Library/Mobile Documents/com~apple~CloudDocs/Antigravity/AnalisisAleSteph/Analisis Ale/Datos/Control/Foto/Machos/IC57S0C2M4OIEspontaneoFotox10000.mat,CTL_M_Foto,IC57S0C2M4OIEspontaneoFotox10000
/Users/ignaciomgb/Library/Mobile Documents/com~apple~CloudDocs/Antigravity/AnalisisAleSteph/Analisis Ale/Datos/Control/Foto/Machos/IIC57S0C1M1ODEspontaneoFotox10000.mat,CTL_M_Foto,IIC57S0C1M1ODEspontaneoFotox10000
/Users/ignaciomgb/Library/Mobile Documents/com~apple~CloudDocs/Antigravity/AnalisisAleSteph/Analisis Ale/Datos/Control/Foto/Machos/IIC57S0C1M1OIEspontaneoFotox10000.mat,CTL_M_Foto,IIC57S0C1M1OIEspontaneoFotox10000
/Users/ignaciomgb/Library/Mobile Documents/com~apple~CloudDocs/Antigravity/AnalisisAleSteph/Analisis Ale/Datos/Control/Foto/Machos/IIC57S0C1M2ODEspontaneoFotox10000.mat,CTL_M_Foto,IIC57S0C1M2ODEspontaneoFotox10000
/Users/ignaciomgb/Library/Mobile Documents/com~apple~CloudDocs/Antigravity/AnalisisAleSteph/Analisis Ale/Datos/Control/Foto/Machos/IIC57S0C1M2OIEspontaneoFotox10000.mat,CTL_M_Foto,IIC57S0C1M2OIEspontaneoFotox10000
/Users/ignaciomgb/Library/Mobile Documents/com~apple~CloudDocs/Antigravity/AnalisisAleSteph/Analisis Ale/Datos/Control/Foto/Machos/IIC57S0C1M3ODEsponatneoFotox10000.mat,CTL_M_Foto,IIC57S0C1M3ODEsponatneoFotox10000
/Users/ignaciomgb/Library/Mobile Documents/com~apple~CloudDocs/Antigravity/AnalisisAleSteph/Analisis Ale/Datos/Control/Foto/Machos/IIC57S0C1M3OIEspontaneoFotox10000.mat,CTL_M_Foto,IIC57S0C1M3OIEspontaneoFotox10000
/Users/ignaciomgb/Library/Mobile Documents/com~apple~CloudDocs/Antigravity/AnalisisAleSteph/Analisis Ale/Datos/Control/Foto/Machos/IIC57S0C2M1ODEspontaneoFotox10000.mat,CTL_M_Foto,IIC57S0C2M1ODEspontaneoFotox10000
/Users/ignaciomgb/Library/Mobile Documents/com~apple~CloudDocs/Antigravity/AnalisisAleSteph/Analisis Ale/Datos/Control/Foto/Machos/IIC57S0C2M1OIEspontaneoFotox10000.mat,CTL_M_Foto,IIC57S0C2M1OIEspontaneoFotox10000
/Users/ignaciomgb/Library/Mobile Documents/com~apple~CloudDocs/Antigravity/AnalisisAleSteph/Analisis Ale/Datos/Control/Foto/Machos/IIC57S0C2M2ODEspontaneoFotox10000.mat,CTL_M_Foto,IIC57S0C2M2ODEspontaneoFotox10000
/Users/ignaciomgb/Library/Mobile Documents/com~apple~CloudDocs/Antigravity/AnalisisAleSteph/Analisis Ale/Datos/Control/Foto/Machos/IIC57S0C2M2OIEspontaneoFotox10000.mat,CTL_M_Foto,IIC57S0C2M2OIEspontaneoFotox10000
/Users/ignaciomgb/Library/Mobile Documents/com~apple~CloudDocs/Antigravity/AnalisisAleSteph/Analisis Ale/Datos/Control/Foto/Machos/IIC57S0C2M3ODEspontaneoFotox10000.mat,CTL_M_Foto,IIC57S0C2M3ODEspontaneoFotox10000
/Users/ignaciomgb/Library/Mobile Documents/com~apple~CloudDocs/Antigravity/AnalisisAleSteph/Analisis Ale/Datos/Control/Foto/Machos/IIC57S0C2M3OIEspontaneoFotox10000.mat,CTL_M_Foto,IIC57S0C2M3OIEspontaneoFotox10000
/Users/ignaciomgb/Library/Mobile Documents/com~apple~CloudDocs/Antigravity/AnalisisAleSteph/Analisis Ale/Datos/Control/Meso/Hembras/C57S0C2H3OIEspontaneoMesox10000.mat,CTL_H_Meso,C57S0C2H3OIEspontaneoMesox10000
/Users/ignaciomgb/Library/Mobile Documents/com~apple~CloudDocs/Antigravity/AnalisisAleSteph/Analisis Ale/Datos/Control/Meso/Hembras/IC57S0C1H1ODEspontaneoMesox10000.mat,CTL_H_Meso,IC57S0C1H1ODEspontaneoMesox10000
/Users/ignaciomgb/Library/Mobile Documents/com~apple~CloudDocs/Antigravity/AnalisisAleSteph/Analisis Ale/Datos/Control/Meso/Hembras/IC57S0C1H1OIEspontaneoMesox10000.mat,CTL_H_Meso,IC57S0C1H1OIEspontaneoMesox10000
/Users/ignaciomgb/Library/Mobile Documents/com~apple~CloudDocs/Antigravity/AnalisisAleSteph/Analisis Ale/Datos/Control/Meso/Hembras/IC57S0C1H2ODEspontaneoMesox10000.mat,CTL_H_Meso,IC57S0C1H2ODEspontaneoMesox10000
/Users/ignaciomgb/Library/Mobile Documents/com~apple~CloudDocs/Antigravity/AnalisisAleSteph/Analisis Ale/Datos/Control/Meso/Hembras/IC57S0C1H2OIEspontaneoMesox10000.mat,CTL_H_Meso,IC57S0C1H2OIEspontaneoMesox10000
/Users/ignaciomgb/Library/Mobile Documents/com~apple~CloudDocs/Antigravity/AnalisisAleSteph/Analisis Ale/Datos/Control/Meso/Hembras/IC57S0C1H3ODEspontaneoMesox10000.mat,CTL_H_Meso,IC57S0C1H3ODEspontaneoMesox10000
/Users/ignaciomgb/Library/Mobile Documents/com~apple~CloudDocs/Antigravity/AnalisisAleSteph/Analisis Ale/Datos/Control/Meso/Hembras/IC57S0C1H3OIEspontaneoMesox10000.mat,CTL_H_Meso,IC57S0C1H3OIEspontaneoMesox10000
/Users/ignaciomgb/Library/Mobile Documents/com~apple~CloudDocs/Antigravity/AnalisisAleSteph/Analisis Ale/Datos/Control/Meso/Hembras/IC57S0C1H4ODEspontaneoMesox10000.mat,CTL_H_Meso,IC57S0C1H4ODEspontaneoMesox10000
/Users/ignaciomgb/Library/Mobile Documents/com~apple~CloudDocs/Antigravity/AnalisisAleSteph/Analisis Ale/Datos/Control/Meso/Hembras/IC57S0C1H4OIEspontaneoMesox10000.mat,CTL_H_Meso,IC57S0C1H4OIEspontaneoMesox10000
/Users/ignaciomgb/Library/Mobile Documents/com~apple~CloudDocs/Antigravity/AnalisisAleSteph/Analisis Ale/Datos/Control/Meso/Hembras/IC57S0C2H1ODEspontaneoMesox10000.mat,CTL_H_Meso,IC57S0C2H1ODEspontaneoMesox10000
/Users/ignaciomgb/Library/Mobile Documents/com~apple~CloudDocs/Antigravity/AnalisisAleSteph/Analisis Ale/Datos/Control/Meso/Hembras/IC57S0C2H1OIEspontaneoMesox10000.mat,CTL_H_Meso,IC57S0C2H1OIEspontaneoMesox10000
/Users/ignaciomgb/Library/Mobile Documents/com~apple~CloudDocs/Antigravity/AnalisisAleSteph/Analisis Ale/Datos/Control/Meso/Hembras/IC57S0C2H2ODEspontaneoMesox10000.mat,CTL_H_Meso,IC57S0C2H2ODEspontaneoMesox10000
/Users/ignaciomgb/Library/Mobile Documents/com~apple~CloudDocs/Antigravity/AnalisisAleSteph/Analisis Ale/Datos/Control/Meso/Hembras/IC57S0C2H2OIEspontaneoMesox10000.mat,CTL_H_Meso,IC57S0C2H2OIEspontaneoMesox10000
/Users/ignaciomgb/Library/Mobile Documents/com~apple~CloudDocs/Antigravity/AnalisisAleSteph/Analisis Ale/Datos/Control/Meso/Hembras/IC57S0C2H3ODEspontaneoMesox10000.mat,CTL_H_Meso,IC57S0C2H3ODEspontaneoMesox10000
/Users/ignaciomgb/Library/Mobile Documents/com~apple~CloudDocs/Antigravity/AnalisisAleSteph/Analisis Ale/Datos/Control/Meso/Hembras/IC57S0C2H3OIEspontaneoMesox10000.mat,CTL_H_Meso,IC57S0C2H3OIEspontaneoMesox10000
/Users/ignaciomgb/Library/Mobile Documents/com~apple~CloudDocs/Antigravity/AnalisisAleSteph/Analisis Ale/Datos/Control/Meso/Hembras/IC57S0C2H4ODEspontaneoMesox10000.mat,CTL_H_Meso,IC57S0C2H4ODEspontaneoMesox10000
/Users/ignaciomgb/Library/Mobile Documents/com~apple~CloudDocs/Antigravity/AnalisisAleSteph/Analisis Ale/Datos/Control/Meso/Hembras/IC57S0C2H4OIEspontaneoMesox10000.mat,CTL_H_Meso,IC57S0C2H4OIEspontaneoMesox10000
/Users/ignaciomgb/Library/Mobile Documents/com~apple~CloudDocs/Antigravity/AnalisisAleSteph/Analisis Ale/Datos/Control/Meso/Hembras/IIC57C2H3ODEspontaneoMesox10000.mat,CTL_H_Meso,IIC57C2H3ODEspontaneoMesox10000
/Users/ignaciomgb/Library/Mobile Documents/com~apple~CloudDocs/Antigravity/AnalisisAleSteph/Analisis Ale/Datos/Control/Meso/Hembras/IIC57C2H3OIEspontaneoMesox10000.mat,CTL_H_Meso,IIC57C2H3OIEspontaneoMesox10000
/Users/ignaciomgb/Library/Mobile Documents/com~apple~CloudDocs/Antigravity/AnalisisAleSteph/Analisis Ale/Datos/Control/Meso/Hembras/IIC57S0C1H1ODEspontaneoMesox10000.mat,CTL_H_Meso,IIC57S0C1H1ODEspontaneoMesox10000
/Users/ignaciomgb/Library/Mobile Documents/com~apple~CloudDocs/Antigravity/AnalisisAleSteph/Analisis Ale/Datos/Control/Meso/Hembras/IIC57S0C1H1OIEspontaneoMesox10000.mat,CTL_H_Meso,IIC57S0C1H1OIEspontaneoMesox10000
/Users/ignaciomgb/Library/Mobile Documents/com~apple~CloudDocs/Antigravity/AnalisisAleSteph/Analisis Ale/Datos/Control/Meso/Hembras/IIC57S0C1H2ODEspontaneoMesox10000.mat,CTL_H_Meso,IIC57S0C1H2ODEspontaneoMesox10000
/Users/ignaciomgb/Library/Mobile Documents/com~apple~CloudDocs/Antigravity/AnalisisAleSteph/Analisis Ale/Datos/Control/Meso/Hembras/IIC57S0C1H2OIEspontaneoMesox10000.mat,CTL_H_Meso,IIC57S0C1H2OIEspontaneoMesox10000
/Users/ignaciomgb/Library/Mobile Documents/com~apple~CloudDocs/Antigravity/AnalisisAleSteph/Analisis Ale/Datos/Control/Meso/Hembras/IIC57S0C1H3ODEspontaenoMesox10000.mat,CTL_H_Meso,IIC57S0C1H3ODEspontaenoMesox10000
/Users/ignaciomgb/Library/Mobile Documents/com~apple~CloudDocs/Antigravity/AnalisisAleSteph/Analisis Ale/Datos/Control/Meso/Hembras/IIC57S0C1H3OIEspontaneoMesox10000.mat,CTL_H_Meso,IIC57S0C1H3OIEspontaneoMesox10000
/Users/ignaciomgb/Library/Mobile Documents/com~apple~CloudDocs/Antigravity/AnalisisAleSteph/Analisis Ale/Datos/Control/Meso/Hembras/IIC57S0C2H1ODEspontaenoMesox10000.mat,CTL_H_Meso,IIC57S0C2H1ODEspontaenoMesox10000
/Users/ignaciomgb/Library/Mobile Documents/com~apple~CloudDocs/Antigravity/AnalisisAleSteph/Analisis Ale/Datos/Control/Meso/Hembras/IIC57S0C2H1OIEspontaneoMesox10000.mat,CTL_H_Meso,IIC57S0C2H1OIEspontaneoMesox10000
/Users/ignaciomgb/Library/Mobile Documents/com~apple~CloudDocs/Antigravity/AnalisisAleSteph/Analisis Ale/Datos/Control/Meso/Hembras/IIC57S0C2H2ODEspontaneoMesox10000.mat,CTL_H_Meso,IIC57S0C2H2ODEspontaneoMesox10000
/Users/ignaciomgb/Library/Mobile Documents/com~apple~CloudDocs/Antigravity/AnalisisAleSteph/Analisis Ale/Datos/Control/Meso/Hembras/IIC57S0C2H2OIEspontaneoMesox10000.mat,CTL_H_Meso,IIC57S0C2H2OIEspontaneoMesox10000
/Users/ignaciomgb/Library/Mobile Documents/com~apple~CloudDocs/Antigravity/AnalisisAleSteph/Analisis Ale/Datos/Control/Meso/Hembras/IIC57S0C2H3ODEspontaneoMesox10000.mat,CTL_H_Meso,IIC57S0C2H3ODEspontaneoMesox10000
/Users/ignaciomgb/Library/Mobile Documents/com~apple~CloudDocs/Antigravity/AnalisisAleSteph/Analisis Ale/Datos/Control/Meso/Machos/IC57S0C1M1ODEsponateneoMesox10000.mat,CTL_M_Meso,IC57S0C1M1ODEsponateneoMesox10000
/Users/ignaciomgb/Library/Mobile Documents/com~apple~CloudDocs/Antigravity/AnalisisAleSteph/Analisis Ale/Datos/Control/Meso/Machos/IC57S0C1M1OIEspontaneoMesox10000.mat,CTL_M_Meso,IC57S0C1M1OIEspontaneoMesox10000
/Users/ignaciomgb/Library/Mobile Documents/com~apple~CloudDocs/Antigravity/AnalisisAleSteph/Analisis Ale/Datos/Control/Meso/Machos/IC57S0C1M2ODEspontaneoMesox10000.mat,CTL_M_Meso,IC57S0C1M2ODEspontaneoMesox10000
/Users/ignaciomgb/Library/Mobile Documents/com~apple~CloudDocs/Antigravity/AnalisisAleSteph/Analisis Ale/Datos/Control/Meso/Machos/IC57S0C1M2OIEspontaneoMesox10000.mat,CTL_M_Meso,IC57S0C1M2OIEspontaneoMesox10000
/Users/ignaciomgb/Library/Mobile Documents/com~apple~CloudDocs/Antigravity/AnalisisAleSteph/Analisis Ale/Datos/Control/Meso/Machos/IC57S0C1M3ODEspontaneoMesox10000.mat,CTL_M_Meso,IC57S0C1M3ODEspontaneoMesox10000
/Users/ignaciomgb/Library/Mobile Documents/com~apple~CloudDocs/Antigravity/AnalisisAleSteph/Analisis Ale/Datos/Control/Meso/Machos/IC57S0C1M3OIEspontaneoMesox10000.mat,CTL_M_Meso,IC57S0C1M3OIEspontaneoMesox10000
/Users/ignaciomgb/Library/Mobile Documents/com~apple~CloudDocs/Antigravity/AnalisisAleSteph/Analisis Ale/Datos/Control/Meso/Machos/IC57S0C1M4ODEspontaneoMesox10000.mat,CTL_M_Meso,IC57S0C1M4ODEspontaneoMesox10000
/Users/ignaciomgb/Library/Mobile Documents/com~apple~CloudDocs/Antigravity/AnalisisAleSteph/Analisis Ale/Datos/Control/Meso/Machos/IC57S0C1M4OIEspontaneoMesox10000.mat,CTL_M_Meso,IC57S0C1M4OIEspontaneoMesox10000
/Users/ignaciomgb/Library/Mobile Documents/com~apple~CloudDocs/Antigravity/AnalisisAleSteph/Analisis Ale/Datos/Control/Meso/Machos/IC57S0C2M1ODEspontaneoMesox10000.mat,CTL_M_Meso,IC57S0C2M1ODEspontaneoMesox10000
/Users/ignaciomgb/Library/Mobile Documents/com~apple~CloudDocs/Antigravity/AnalisisAleSteph/Analisis Ale/Datos/Control/Meso/Machos/IC57S0C2M1OIEspontaneoMesox10000.mat,CTL_M_Meso,IC57S0C2M1OIEspontaneoMesox10000
/Users/ignaciomgb/Library/Mobile Documents/com~apple~CloudDocs/Antigravity/AnalisisAleSteph/Analisis Ale/Datos/Control/Meso/Machos/IC57S0C2M2ODEspontaneoMesox10000.mat,CTL_M_Meso,IC57S0C2M2ODEspontaneoMesox10000
/Users/ignaciomgb/Library/Mobile Documents/com~apple~CloudDocs/Antigravity/AnalisisAleSteph/Analisis Ale/Datos/Control/Meso/Machos/IC57S0C2M2OIEspontaneoMesox10000.mat,CTL_M_Meso,IC57S0C2M2OIEspontaneoMesox10000
/Users/ignaciomgb/Library/Mobile Documents/com~apple~CloudDocs/Antigravity/AnalisisAleSteph/Analisis Ale/Datos/Control/Meso/Machos/IC57S0C2M3ODEspontaneoMesox10000.mat,CTL_M_Meso,IC57S0C2M3ODEspontaneoMesox10000
/Users/ignaciomgb/Library/Mobile Documents/com~apple~CloudDocs/Antigravity/AnalisisAleSteph/Analisis Ale/Datos/Control/Meso/Machos/IC57S0C2M3OIEspontaneoMesox10000.mat,CTL_M_Meso,IC57S0C2M3OIEspontaneoMesox10000
/Users/ignaciomgb/Library/Mobile Documents/com~apple~CloudDocs/Antigravity/AnalisisAleSteph/Analisis Ale/Datos/Control/Meso/Machos/IC57S0C2M4ODEspontaneoMesox10000.mat,CTL_M_Meso,IC57S0C2M4ODEspontaneoMesox10000
/Users/ignaciomgb/Library/Mobile Documents/com~apple~CloudDocs/Antigravity/AnalisisAleSteph/Analisis Ale/Datos/Control/Meso/Machos/IC57S0C2M4OIEspontaneoMesox10000.mat,CTL_M_Meso,IC57S0C2M4OIEspontaneoMesox10000
/Users/ignaciomgb/Library/Mobile Documents/com~apple~CloudDocs/Antigravity/AnalisisAleSteph/Analisis Ale/Datos/Control/Meso/Machos/IIC57C2M3ODEspontaneoMesox10000.mat,CTL_M_Meso,IIC57C2M3ODEspontaneoMesox10000
/Users/ignaciomgb/Library/Mobile Documents/com~apple~CloudDocs/Antigravity/AnalisisAleSteph/Analisis Ale/Datos/Control/Meso/Machos/IIC57S0C1M1ODEspontaneoMesox10000.mat,CTL_M_Meso,IIC57S0C1M1ODEspontaneoMesox10000
/Users/ignaciomgb/Library/Mobile Documents/com~apple~CloudDocs/Antigravity/AnalisisAleSteph/Analisis Ale/Datos/Control/Meso/Machos/IIC57S0C1M1OIEspontaneoMesox10000.mat,CTL_M_Meso,IIC57S0C1M1OIEspontaneoMesox10000
/Users/ignaciomgb/Library/Mobile Documents/com~apple~CloudDocs/Antigravity/AnalisisAleSteph/Analisis Ale/Datos/Control/Meso/Machos/IIC57S0C1M2ODEspontaneoMesox10000.mat,CTL_M_Meso,IIC57S0C1M2ODEspontaneoMesox10000
/Users/ignaciomgb/Library/Mobile Documents/com~apple~CloudDocs/Antigravity/AnalisisAleSteph/Analisis Ale/Datos/Control/Meso/Machos/IIC57S0C1M2OIEspontaneoMesox10000.mat,CTL_M_Meso,IIC57S0C1M2OIEspontaneoMesox10000
/Users/ignaciomgb/Library/Mobile Documents/com~apple~CloudDocs/Antigravity/AnalisisAleSteph/Analisis Ale/Datos/Control/Meso/Machos/IIC57S0C1M3ODEspontaneoMesox10000.mat,CTL_M_Meso,IIC57S0C1M3ODEspontaneoMesox10000
/Users/ignaciomgb/Library/Mobile Documents/com~apple~CloudDocs/Antigravity/AnalisisAleSteph/Analisis Ale/Datos/Control/Meso/Machos/IIC57S0C1M3OIEspontaneoMesox10000.mat,CTL_M_Meso,IIC57S0C1M3OIEspontaneoMesox10000
/Users/ignaciomgb/Library/Mobile Documents/com~apple~CloudDocs/Antigravity/AnalisisAleSteph/Analisis Ale/Datos/Control/Meso/Machos/IIC57S0C2M1ODEspontaneoMesox10000.mat,CTL_M_Meso,IIC57S0C2M1ODEspontaneoMesox10000
/Users/ignaciomgb/Library/Mobile Documents/com~apple~CloudDocs/Antigravity/AnalisisAleSteph/Analisis Ale/Datos/Control/Meso/Machos/IIC57S0C2M1OIEspontaneoMesox10000.mat,CTL_M_Meso,IIC57S0C2M1OIEspontaneoMesox10000
/Users/ignaciomgb/Library/Mobile Documents/com~apple~CloudDocs/Antigravity/AnalisisAleSteph/Analisis Ale/Datos/Control/Meso/Machos/IIC57S0C2M2ODEspontaneoMesox10000.mat,CTL_M_Meso,IIC57S0C2M2ODEspontaneoMesox10000
/Users/ignaciomgb/Library/Mobile Documents/com~apple~CloudDocs/Antigravity/AnalisisAleSteph/Analisis Ale/Datos/Control/Meso/Machos/IIC57S0C2M2OIEspontaneoMesox10000.mat,CTL_M_Meso,IIC57S0C2M2OIEspontaneoMesox10000
/Users/ignaciomgb/Library/Mobile Documents/com~apple~CloudDocs/Antigravity/AnalisisAleSteph/Analisis Ale/Datos/Control/Meso/Machos/IIC57S0C2M3ODEspontaneoMesox10000.mat,CTL_M_Meso,IIC57S0C2M3ODEspontaneoMesox10000
/Users/ignaciomgb/Library/Mobile Documents/com~apple~CloudDocs/Antigravity/AnalisisAleSteph/Analisis Ale/Datos/Control/Meso/Machos/IIC57S0C2M3OIEspontaneoMesox10000.mat,CTL_M_Meso,IIC57S0C2M3OIEspontaneoMesox10000
/Users/ignaciomgb/Library/Mobile Documents/com~apple~CloudDocs/Antigravity/AnalisisAleSteph/Analisis Ale/Datos/Obesos/Foto/Hembras/IC57S6C2H1ODEspontaneoFotox10000.mat,OB_H_Foto,IC57S6C2H1ODEspontaneoFotox10000
/Users/ignaciomgb/Library/Mobile Documents/com~apple~CloudDocs/Antigravity/AnalisisAleSteph/Analisis Ale/Datos/Obesos/Foto/Hembras/IC57S6C2H1OIEspontaneoFotox10000.mat,OB_H_Foto,IC57S6C2H1OIEspontaneoFotox10000
/Users/ignaciomgb/Library/Mobile Documents/com~apple~CloudDocs/Antigravity/AnalisisAleSteph/Analisis Ale/Datos/Obesos/Foto/Hembras/IC57S6C2H2ODEspontaenoFotox10000.mat,OB_H_Foto,IC57S6C2H2ODEspontaenoFotox10000
/Users/ignaciomgb/Library/Mobile Documents/com~apple~CloudDocs/Antigravity/AnalisisAleSteph/Analisis Ale/Datos/Obesos/Foto/Hembras/IC57S6C2H2OIEspontaneoFotox10000.mat,OB_H_Foto,IC57S6C2H2OIEspontaneoFotox10000
/Users/ignaciomgb/Library/Mobile Documents/com~apple~CloudDocs/Antigravity/AnalisisAleSteph/Analisis Ale/Datos/Obesos/Foto/Hembras/IC57S6C2H3ODEspontaneoFotox10000.mat,OB_H_Foto,IC57S6C2H3ODEspontaneoFotox10000
/Users/ignaciomgb/Library/Mobile Documents/com~apple~CloudDocs/Antigravity/AnalisisAleSteph/Analisis Ale/Datos/Obesos/Foto/Hembras/IC57S6C2H3OIEspontaneoFotox10000.mat,OB_H_Foto,IC57S6C2H3OIEspontaneoFotox10000
/Users/ignaciomgb/Library/Mobile Documents/com~apple~CloudDocs/Antigravity/AnalisisAleSteph/Analisis Ale/Datos/Obesos/Foto/Hembras/IC57S6C2H4ODEspontaneoFotox10000.mat,OB_H_Foto,IC57S6C2H4ODEspontaneoFotox10000
/Users/ignaciomgb/Library/Mobile Documents/com~apple~CloudDocs/Antigravity/AnalisisAleSteph/Analisis Ale/Datos/Obesos/Foto/Hembras/IIC57S6C2H1ODEspontaneoFotox10000.mat,OB_H_Foto,IIC57S6C2H1ODEspontaneoFotox10000
/Users/ignaciomgb/Library/Mobile Documents/com~apple~CloudDocs/Antigravity/AnalisisAleSteph/Analisis Ale/Datos/Obesos/Foto/Hembras/IIC57S6C2H1OIEspontaneoFotox10000.mat,OB_H_Foto,IIC57S6C2H1OIEspontaneoFotox10000
/Users/ignaciomgb/Library/Mobile Documents/com~apple~CloudDocs/Antigravity/AnalisisAleSteph/Analisis Ale/Datos/Obesos/Foto/Hembras/IIC57S6C2H2ODEspontaneoFotox10000.mat,OB_H_Foto,IIC57S6C2H2ODEspontaneoFotox10000
/Users/ignaciomgb/Library/Mobile Documents/com~apple~CloudDocs/Antigravity/AnalisisAleSteph/Analisis Ale/Datos/Obesos/Foto/Hembras/IIC57S6C2H2OIEspontaenoFotox10000.mat,OB_H_Foto,IIC57S6C2H2OIEspontaenoFotox10000
/Users/ignaciomgb/Library/Mobile Documents/com~apple~CloudDocs/Antigravity/AnalisisAleSteph/Analisis Ale/Datos/Obesos/Foto/Hembras/IIC57S6C2H3ODEspontaneoFotox10000.mat,OB_H_Foto,IIC57S6C2H3ODEspontaneoFotox10000
/Users/ignaciomgb/Library/Mobile Documents/com~apple~CloudDocs/Antigravity/AnalisisAleSteph/Analisis Ale/Datos/Obesos/Foto/Hembras/IIC57S6C2H3OIEspontaneoFotox10000.mat,OB_H_Foto,IIC57S6C2H3OIEspontaneoFotox10000
/Users/ignaciomgb/Library/Mobile Documents/com~apple~CloudDocs/Antigravity/AnalisisAleSteph/Analisis Ale/Datos/Obesos/Foto/Machos/IC57S6C2M1ODEspontaneoFotox10000.mat,OB_M_Foto,IC57S6C2M1ODEspontaneoFotox10000
/Users/ignaciomgb/Library/Mobile Documents/com~apple~CloudDocs/Antigravity/AnalisisAleSteph/Analisis Ale/Datos/Obesos/Foto/Machos/IC57S6C2M1OIEspontaneoFotox10000.mat,OB_M_Foto,IC57S6C2M1OIEspontaneoFotox10000
/Users/ignaciomgb/Library/Mobile Documents/com~apple~CloudDocs/Antigravity/AnalisisAleSteph/Analisis Ale/Datos/Obesos/Foto/Machos/IC57S6C2M2ODEspontaneoFotox10000.mat,OB_M_Foto,IC57S6C2M2ODEspontaneoFotox10000
/Users/ignaciomgb/Library/Mobile Documents/com~apple~CloudDocs/Antigravity/AnalisisAleSteph/Analisis Ale/Datos/Obesos/Foto/Machos/IC57S6C2M2OIEspontaneoFotox10000.mat,OB_M_Foto,IC57S6C2M2OIEspontaneoFotox10000
/Users/ignaciomgb/Library/Mobile Documents/com~apple~CloudDocs/Antigravity/AnalisisAleSteph/Analisis Ale/Datos/Obesos/Foto/Machos/IC57S6C2M3ODEspontaneoFotox10000.mat,OB_M_Foto,IC57S6C2M3ODEspontaneoFotox10000
/Users/ignaciomgb/Library/Mobile Documents/com~apple~CloudDocs/Antigravity/AnalisisAleSteph/Analisis Ale/Datos/Obesos/Foto/Machos/IC57S6C2M3OIEspontaneoFotox10000.mat,OB_M_Foto,IC57S6C2M3OIEspontaneoFotox10000
/Users/ignaciomgb/Library/Mobile Documents/com~apple~CloudDocs/Antigravity/AnalisisAleSteph/Analisis Ale/Datos/Obesos/Foto/Machos/IC57S6C2M4ODEspontaneoFotox10000.mat,OB_M_Foto,IC57S6C2M4ODEspontaneoFotox10000
/Users/ignaciomgb/Library/Mobile Documents/com~apple~CloudDocs/Antigravity/AnalisisAleSteph/Analisis Ale/Datos/Obesos/Foto/Machos/IC57S6C2M4OIEspontaneoFotox10000.mat,OB_M_Foto,IC57S6C2M4OIEspontaneoFotox10000
/Users/ignaciomgb/Library/Mobile Documents/com~apple~CloudDocs/Antigravity/AnalisisAleSteph/Analisis Ale/Datos/Obesos/Foto/Machos/IIC57S6C2M1ODEspontaneoFotox10000.mat,OB_M_Foto,IIC57S6C2M1ODEspontaneoFotox10000
/Users/ignaciomgb/Library/Mobile Documents/com~apple~CloudDocs/Antigravity/AnalisisAleSteph/Analisis Ale/Datos/Obesos/Foto/Machos/IIC57S6C2M1OIEspontaneoFotox10000.mat,OB_M_Foto,IIC57S6C2M1OIEspontaneoFotox10000
/Users/ignaciomgb/Library/Mobile Documents/com~apple~CloudDocs/Antigravity/AnalisisAleSteph/Analisis Ale/Datos/Obesos/Foto/Machos/IIC57S6C2M2ODEspontaneoFotox10000.mat,OB_M_Foto,IIC57S6C2M2ODEspontaneoFotox10000
/Users/ignaciomgb/Library/Mobile Documents/com~apple~CloudDocs/Antigravity/AnalisisAleSteph/Analisis Ale/Datos/Obesos/Foto/Machos/IIC57S6C2M2OIEspontaneoFotox10000.mat,OB_M_Foto,IIC57S6C2M2OIEspontaneoFotox10000
/Users/ignaciomgb/Library/Mobile Documents/com~apple~CloudDocs/Antigravity/AnalisisAleSteph/Analisis Ale/Datos/Obesos/Foto/Machos/IIC57S6C2M3ODEspontaneoFotox10000.mat,OB_M_Foto,IIC57S6C2M3ODEspontaneoFotox10000
/Users/ignaciomgb/Library/Mobile Documents/com~apple~CloudDocs/Antigravity/AnalisisAleSteph/Analisis Ale/Datos/Obesos/Foto/Machos/IIC57S6C2M3OIEspontaneoFotox10000.mat,OB_M_Foto,IIC57S6C2M3OIEspontaneoFotox10000
/Users/ignaciomgb/Library/Mobile Documents/com~apple~CloudDocs/Antigravity/AnalisisAleSteph/Analisis Ale/Datos/Obesos/Meso/Hembras/IC57S6C2H1ODEspontaneoMesox10000.mat,OB_H_Meso,IC57S6C2H1ODEspontaneoMesox10000
/Users/ignaciomgb/Library/Mobile Documents/com~apple~CloudDocs/Antigravity/AnalisisAleSteph/Analisis Ale/Datos/Obesos/Meso/Hembras/IC57S6C2H1OIEspontaneoMesox10000.mat,OB_H_Meso,IC57S6C2H1OIEspontaneoMesox10000
/Users/ignaciomgb/Library/Mobile Documents/com~apple~CloudDocs/Antigravity/AnalisisAleSteph/Analisis Ale/Datos/Obesos/Meso/Hembras/IC57S6C2H2ODEspontaneoMesox10000.mat,OB_H_Meso,IC57S6C2H2ODEspontaneoMesox10000
/Users/ignaciomgb/Library/Mobile Documents/com~apple~CloudDocs/Antigravity/AnalisisAleSteph/Analisis Ale/Datos/Obesos/Meso/Hembras/IC57S6C2H2OIEspontaneoMesox10000.mat,OB_H_Meso,IC57S6C2H2OIEspontaneoMesox10000
/Users/ignaciomgb/Library/Mobile Documents/com~apple~CloudDocs/Antigravity/AnalisisAleSteph/Analisis Ale/Datos/Obesos/Meso/Hembras/IC57S6C2H3ODEspontaneoMesox10000.mat,OB_H_Meso,IC57S6C2H3ODEspontaneoMesox10000
/Users/ignaciomgb/Library/Mobile Documents/com~apple~CloudDocs/Antigravity/AnalisisAleSteph/Analisis Ale/Datos/Obesos/Meso/Hembras/IC57S6C2H3OIEspontaneoMesox10000.mat,OB_H_Meso,IC57S6C2H3OIEspontaneoMesox10000
/Users/ignaciomgb/Library/Mobile Documents/com~apple~CloudDocs/Antigravity/AnalisisAleSteph/Analisis Ale/Datos/Obesos/Meso/Hembras/IC57S6C2H4ODEspontaneoMesox10000.mat,OB_H_Meso,IC57S6C2H4ODEspontaneoMesox10000
/Users/ignaciomgb/Library/Mobile Documents/com~apple~CloudDocs/Antigravity/AnalisisAleSteph/Analisis Ale/Datos/Obesos/Meso/Hembras/IIC57S6C2H1ODEspontaneoMesox10000.mat,OB_H_Meso,IIC57S6C2H1ODEspontaneoMesox10000
/Users/ignaciomgb/Library/Mobile Documents/com~apple~CloudDocs/Antigravity/AnalisisAleSteph/Analisis Ale/Datos/Obesos/Meso/Hembras/IIC57S6C2H1OIEspontaneoMesox10000.mat,OB_H_Meso,IIC57S6C2H1OIEspontaneoMesox10000
/Users/ignaciomgb/Library/Mobile Documents/com~apple~CloudDocs/Antigravity/AnalisisAleSteph/Analisis Ale/Datos/Obesos/Meso/Hembras/IIC57S6C2H2ODEspontaneoMesox10000.mat,OB_H_Meso,IIC57S6C2H2ODEspontaneoMesox10000
/Users/ignaciomgb/Library/Mobile Documents/com~apple~CloudDocs/Antigravity/AnalisisAleSteph/Analisis Ale/Datos/Obesos/Meso/Hembras/IIC57S6C2H2OIEspontaneoMesox10000.mat,OB_H_Meso,IIC57S6C2H2OIEspontaneoMesox10000
/Users/ignaciomgb/Library/Mobile Documents/com~apple~CloudDocs/Antigravity/AnalisisAleSteph/Analisis Ale/Datos/Obesos/Meso/Hembras/IIC57S6C2H3ODEspontaneoMesox10000.mat,OB_H_Meso,IIC57S6C2H3ODEspontaneoMesox10000
/Users/ignaciomgb/Library/Mobile Documents/com~apple~CloudDocs/Antigravity/AnalisisAleSteph/Analisis Ale/Datos/Obesos/Meso/Hembras/IIC57S6C2H3OIEspontaneoMesox10000.mat,OB_H_Meso,IIC57S6C2H3OIEspontaneoMesox10000
/Users/ignaciomgb/Library/Mobile Documents/com~apple~CloudDocs/Antigravity/AnalisisAleSteph/Analisis Ale/Datos/Obesos/Meso/Machos/IC57S6C2M1ODEspontaneoMesox10000.mat,OB_M_Meso,IC57S6C2M1ODEspontaneoMesox10000
/Users/ignaciomgb/Library/Mobile Documents/com~apple~CloudDocs/Antigravity/AnalisisAleSteph/Analisis Ale/Datos/Obesos/Meso/Machos/IC57S6C2M1OIEspontaneoMesox10000.mat,OB_M_Meso,IC57S6C2M1OIEspontaneoMesox10000
/Users/ignaciomgb/Library/Mobile Documents/com~apple~CloudDocs/Antigravity/AnalisisAleSteph/Analisis Ale/Datos/Obesos/Meso/Machos/IC57S6C2M2ODEspontaneoMesox10000.mat,OB_M_Meso,IC57S6C2M2ODEspontaneoMesox10000
/Users/ignaciomgb/Library/Mobile Documents/com~apple~CloudDocs/Antigravity/AnalisisAleSteph/Analisis Ale/Datos/Obesos/Meso/Machos/IC57S6C2M2OIEspontaneoMesox10000.mat,OB_M_Meso,IC57S6C2M2OIEspontaneoMesox10000
/Users/ignaciomgb/Library/Mobile Documents/com~apple~CloudDocs/Antigravity/AnalisisAleSteph/Analisis Ale/Datos/Obesos/Meso/Machos/IC57S6C2M3ODEspontaneoMesox10000.mat,OB_M_Meso,IC57S6C2M3ODEspontaneoMesox10000
/Users/ignaciomgb/Library/Mobile Documents/com~apple~CloudDocs/Antigravity/AnalisisAleSteph/Analisis Ale/Datos/Obesos/Meso/Machos/IC57S6C2M3OIEspontaneoMesox10000.mat,OB_M_Meso,IC57S6C2M3OIEspontaneoMesox10000
/Users/ignaciomgb/Library/Mobile Documents/com~apple~CloudDocs/Antigravity/AnalisisAleSteph/Analisis Ale/Datos/Obesos/Meso/Machos/IC57S6C2M4ODEspontaneoMesox10000.mat,OB_M_Meso,IC57S6C2M4ODEspontaneoMesox10000
/Users/ignaciomgb/Library/Mobile Documents/com~apple~CloudDocs/Antigravity/AnalisisAleSteph/Analisis Ale/Datos/Obesos/Meso/Machos/IC57S6C2M4OIEspontaneoMesox10000.mat,OB_M_Meso,IC57S6C2M4OIEspontaneoMesox10000
/Users/ignaciomgb/Library/Mobile Documents/com~apple~CloudDocs/Antigravity/AnalisisAleSteph/Analisis Ale/Datos/Obesos/Meso/Machos/IIC57S6C2M1ODEspontaneoMesox10000.mat,OB_M_Meso,IIC57S6C2M1ODEspontaneoMesox10000
/Users/ignaciomgb/Library/Mobile Documents/com~apple~CloudDocs/Antigravity/AnalisisAleSteph/Analisis Ale/Datos/Obesos/Meso/Machos/IIC57S6C2M1OIEspontaneoMesox10000.mat,OB_M_Meso,IIC57S6C2M1OIEspontaneoMesox10000
/Users/ignaciomgb/Library/Mobile Documents/com~apple~CloudDocs/Antigravity/AnalisisAleSteph/Analisis Ale/Datos/Obesos/Meso/Machos/IIC57S6C2M2ODEspontaneoMesox10000.mat,OB_M_Meso,IIC57S6C2M2ODEspontaneoMesox10000
/Users/ignaciomgb/Library/Mobile Documents/com~apple~CloudDocs/Antigravity/AnalisisAleSteph/Analisis Ale/Datos/Obesos/Meso/Machos/IIC57S6C2M2OIEspontaneoMesox10000.mat,OB_M_Meso,IIC57S6C2M2OIEspontaneoMesox10000
/Users/ignaciomgb/Library/Mobile Documents/com~apple~CloudDocs/Antigravity/AnalisisAleSteph/Analisis Ale/Datos/Obesos/Meso/Machos/IIC57S6C2M3ODEspontaneoMesox10000.mat,OB_M_Meso,IIC57S6C2M3ODEspontaneoMesox10000
/Users/ignaciomgb/Library/Mobile Documents/com~apple~CloudDocs/Antigravity/AnalisisAleSteph/Analisis Ale/Datos/Obesos/Meso/Machos/IIC57S6C2M3OIEspontaneoMesox10000.mat,OB_M_Meso,IIC57S6C2M3OIEspontaneoMesox10000