# referencia de ruido: PSD promedio de los archivos de Datos/Ruido (Welch, notch 60Hz)
freq_hz,psd_medio
0.5,0.00044428057448746045
1.0,0.00041688519240636155
1.5,0.00018217695804912252
2.0,0.00010053300720551119
2.5,6.389903124331949e-05
3.0,4.7148734779461556e-05
3.5,3.6125449814467457e-05
4.0,2.884754203900994e-05
4.5,2.4349016108795586e-05
5.0,2.08230800055346e-05
5.5,1.9101438368152764e-05
6.0,1.7124351300065756e-05
6.5,1.6355149299371946e-05
7.0,1.4430087140190792e-05
7.5,1.2038464433913058e-05
8.0,1.0546564344206898e-05
8.5,9.734010352068173e-06
9.0,9.969710438521674e-06
9.5,4.0294973218794085e-05
10.0,0.00011189803532291295
10.5,3.1735413783548455e-05
11.0,7.2357093942899606e-06
11.5,5.877452089462406e-06
12.0,5.212509714569498e-06
12.5,5.235605416192251e-06
13.0,5.71964352768812e-06
13.5,5.375612759632303e-06
14.0,4.305148975030458e-06
14.5,3.953556572258283e-06
15.0,3.7622943939468565e-06
15.5,3.6049878747245038e-06
16.0,3.5426021516380717e-06
16.5,4.221410826826136e-06
17.0,3.884182674686601e-06
17.5,3.0433741638865863e-06
18.0,2.9954842871782655e-06
18.5,2.926665710404366e-06
19.0,2.9325726885839074e-06
19.5,1.0510503483385074e-05
20.0,3.429124626668352e-05
20.5,1.084929230456224e-05
21.0,2.668073460491192e-06
21.5,2.3526309187177387e-06
22.0,2.205428245779504e-06
22.5,2.456891519047786e-06
23.0,3.4236061650242543e-06
23.5,3.2238592123896004e-06
24.0,2.360359327205424e-06
24.5,2.368164416521921e-06
25.0,2.716879878187504e-06
25.5,2.315080268408016e-06
26.0,2.338174353767539e-06
26.5,4.018481623665588e-06
27.0,3.480191584497718e-06
27.5,2.0560101630947017e-06
28.0,1.8782586738492399e-06
28.5,1.8442735670416103e-06
29.0,1.8574782697310234e-06
29.5,5.368905216539908e-06
30.0,1.5094710564357631e-05
30.5,5.587903206713193e-06
31.0,1.912925527563015e-06
31.5,1.8117112513410659e-06
32.0,1.7238251274627223e-06
32.5,2.032440376040734e-06
33.0,2.9181343008744183e-06
33.5,2.8124534823695586e-06
34.0,1.885115583422177e-06
34.5,1.8619809165871778e-06
35.0,2.938451505807841e-06
35.5,2.4336074228907207e-06
36.0,1.9636111788945234e-06
36.5,2.7358714073995582e-06
37.0,2.40285202145684e-06
37.5,1.8687834837467291e-06
38.0,1.671504793157961e-06
38.5,1.5543874028125491e-06
39.0,1.638277270151236e-06
39.5,3.819495844153634e-06
40.0,8.981111288890854e-06
40.5,3.3600320243939514e-06
41.0,1.4981395657655337e-06
41.5,1.4604272278580715e-06
42.0,1.494949823467353e-06
42.5,1.6317253182314176e-06
43.0,2.2689222468649918e-06
43.5,2.1773679189765015e-06
44.0,1.4349455068316575e-06
44.5,1.2947479773489906e-06
45.0,1.2844853901392974e-06
45.5,1.3094708413424464e-06
46.0,1.363074876758057e-06
46.5,1.903596765251028e-06
47.0,1.6824339269472937e-06
47.5,1.2889386185461215e-06
48.0,1.270181695532445e-06
48.5,1.3004343957926642e-06
49.0,1.4039970130765414e-06
49.5,3.0191135706509397e-06
50.0,7.266621449070141e-06
50.5,2.827567961025789e-06
51.0,1.3477073655377399e-06
51.5,1.163065672290472e-06
52.0,1.1251238462027949e-06
52.5,1.1099030085032448e-06
53.0,1.1757184584864928e-06
53.5,1.1334794807738088e-06
54.0,1.0166226123281764e-06
54.5,1.009601850914379e-06
55.0,9.410801553188886e-07
55.5,9.101143560144499e-07
56.0,8.948268977453924e-07
56.5,9.094466570764299e-07
57.0,7.975599746650723e-07
57.5,6.952833666574145e-07
58.0,5.868159747318028e-07
58.5,4.436858343072667e-07
59.0,2.3060884339992902e-07
59.5,6.117702903318056e-08
60.0,9.91589314824751e-09
60.5,6.186368355524098e-08
61.0,2.2084344398825823e-07
61.5,4.122930878136408e-07
62.0,5.896612481531123e-07
62.5,7.874460121891505e-07
63.0,7.478059378095711e-07
63.5,7.494637576485134e-07
64.0,7.60527452634288e-07
64.5,7.986713694505734e-07
65.0,8.164019823940601e-07
65.5,8.231906022373278e-07
66.0,8.514812218816932e-07
66.5,9.180891561771465e-07
67.0,8.817135400540589e-07
67.5,8.758138497419591e-07
68.0,9.93297346746678e-07
68.5,8.98016462740607e-07
69.0,8.674473029032548e-07
69.5,2.236683316103776e-06
70.0,5.9508779965048285e-06
70.5,2.1486132338129057e-06
71.0,8.20585472697412e-07
71.5,7.913503075574514e-07
72.0,8.02523787283458e-07
72.5,8.642857326757119e-07
73.0,1.0200417315569166e-06
73.5,9.851914482067171e-07
74.0,8.811284781510468e-07
74.5,9.072131887332713e-07
75.0,1.0583407063303216e-06
75.5,9.05199143304532e-07
76.0,8.808863732006235e-07
76.5,9.82948112094404e-07
77.0,9.090703436239857e-07
77.5,7.586156561792328e-07
78.0,7.398197133985895e-07
78.5,7.317260263341349e-07
79.0,7.612602918599494e-07
79.5,1.4911745393538248e-06
80.0,3.294681215400652e-06
80.5,1.467570407381229e-06
81.0,7.757162170268552e-07
81.5,7.277213838963979e-07
82.0,6.955265183582012e-07
82.5,7.423341415964376e-07
83.0,9.128520138842436e-07
83.5,8.582015359406946e-07
84.0,7.141397847638671e-07
84.5,6.804551722644105e-07
85.0,7.006040410634398e-07
85.5,7.115557128189782e-07
86.0,7.183659378484605e-07
86.5,9.839209982521619e-07
87.0,8.882936001405662e-07
87.5,7.448424650252934e-07
88.0,7.21222866737314e-07
88.5,6.870913085749736e-07
89.0,7.092884934967957e-07
89.5,1.1631901688548926e-06
90.0,2.1566874850437063e-06
90.5,1.0646927079603463e-06
91.0,6.675017928998511e-07
91.5,6.534053028112154e-07
92.0,6.531663322773352e-07
92.5,6.801243520260557e-07
93.0,8.674419313635597e-07
93.5,8.872483862342458e-07
94.0,6.895297018865986e-07
94.5,6.471486522517396e-07
95.0,6.401974534925749e-07
95.5,6.647678786905116e-07
96.0,7.292217132282241e-07
96.5,9.033968209649516e-07
97.0,8.144707488003134e-07
97.5,6.866279532920901e-07
98.0,6.948358536401281e-07
98.5,6.861014403994309e-07
99.0,8.069369758837699e-07
99.5,1.7502009646442855e-06
100.0,3.369035647014261e-06
100.5,1.401274877720211e-06
101.0,7.424225211325382e-07
101.5,7.225728974117546e-07
102.0,7.091987280142111e-07
102.5,7.660914982844507e-07
103.0,9.744015826616369e-07
103.5,9.359980033725452e-07
104.0,7.149273424041301e-07
104.5,8.793134288266889e-07
105.0,1.4720447070161564e-06
105.5,1.0219089651841845e-06
106.0,7.551740197362476e-07
106.5,1.0511963262758234e-06
107.0,8.936272723644759e-07
107.5,6.753619881641732e-07
108.0,6.73757643563192e-07
108.5,7.027160368210317e-07
109.0,8.553443649787359e-07
109.5,2.1043037329194296e-06
110.0,4.6163225271215774e-06
110.5,1.7469161819662582e-06
111.0,7.203159420948433e-07
111.5,6.94059909190399e-07
112.0,7.614179689112662e-07
112.5,7.843177470444107e-07
113.0,9.211056912244773e-07
113.5,8.792827576937842e-07
114.0,6.609422430192277e-07
114.5,6.060088316951236e-07
115.0,5.680762297463519e-07
115.5,5.518984371750421e-07
116.0,5.609513941306918e-07
116.5,6.521287885557699e-07
117.0,4.96793089409721e-07
117.5,3.031098421965152e-07
118.0,2.2153284086668446e-07
118.5,1.2898597351406808e-07
119.0,5.202621156773773e-08
119.5,1.2124327116493541e-08
120.0,1.86537459865272e-09
120.5,1.1343326796905269e-08
121.0,5.1255168173088204e-08
121.5,1.3223317891276922e-07
122.0,2.673337124173311e-07
122.5,3.665711738011688e-07
123.0,5.750710639206934e-07
123.5,6.189954251799269e-07
124.0,5.395277458740507e-07
124.5,5.859253177041984e-07
125.0,7.389639598129363e-07
125.5,6.800315032516398e-07
126.0,7.42997412299839e-07
126.5,1.0848071248807546e-06
127.0,9.020878696623499e-07
127.5,6.73784154756991e-07
128.0,7.092047291813549e-07
128.5,7.293895804406754e-07
129.0,7.890391210783255e-07
129.5,1.6904563559302204e-06
130.0,3.707707016611928e-06
130.5,1.5116950701375833e-06
131.0,7.538624231641147e-07
131.5,7.104248414295757e-07
132.0,6.950279297760734e-07
132.5,7.777928901529873e-07
133.0,1.0470211895549618e-06
133.5,1.0057590417456701e-06
134.0,7.322158584679912e-07
134.5,6.600555190285703e-07
135.0,6.545192260329966e-07
135.5,6.739116774727722e-07
136.0,7.538368160141385e-07
136.5,1.1667511540181503e-06
137.0,1.0339950578101772e-06
137.5,7.46610020830959e-07
138.0,6.78102119686326e-07
138.5,7.070204052852917e-07
139.0,7.879977430416808e-07
139.5,1.6747601079288742e-06
140.0,3.275297279145225e-06
140.5,1.4257501193379911e-06
141.0,7.42144917442614e-07
141.5,6.744682894971211e-07
142.0,6.456016020099021e-07
142.5,7.283709416232824e-07
143.0,1.0964815161344712e-06
143.5,1.0437831394426181e-06
144.0,6.781457220482008e-07
144.5,6.110583420663817e-07
145.0,6.188745347645864e-07
145.5,6.326423957426405e-07
146.0,6.969531410859769e-07
146.5,1.034444039514225e-06
147.0,9.020687254867662e-07
147.5,6.0886906355094e-07
148.0,5.843892033830551e-07
148.5,5.929562367455952e-07
149.0,6.569989534590878e-07
149.5,1.3731911271812305e-06
150.0,2.7246805798391986e-06
150.5,1.113246639599447e-06
151.0,5.836867465464624e-07
151.5,5.701460890735011e-07
152.0,5.785732383033485e-07
152.5,6.285707877471032e-07
153.0,8.524630273654764e-07
153.5,8.602282483331563e-07
154.0,5.943181200316554e-07
154.5,5.528373937054618e-07
155.0,5.627302484483851e-07
155.5,5.684734570250233e-07
156.0,6.102677804513543e-07
156.5,7.894923648249294e-07
157.0,7.096384315341518e-07
157.5,5.486413100368099e-07
158.0,5.290024482468125e-07
158.5,5.420702567457036e-07
159.0,6.052672525417394e-07
159.5,1.7957483615931033e-06
160.0,4.332387570928468e-06
160.5,1.4789048303136024e-06
161.0,5.373211464860699e-07
161.5,5.113477423234654e-07
162.0,5.175527481654568e-07
162.5,5.766774907410252e-07
163.0,6.629372962695645e-07
163.5,6.601459748404384e-07
164.0,5.157193589108966e-07
164.5,4.738131117189976e-07
165.0,4.5637316418351476e-07
165.5,4.6511291178930287e-07
166.0,4.972726094013563e-07
166.5,6.45237940192454e-07
167.0,6.106352486586651e-07
167.5,4.803431100563179e-07
168.0,4.820342287098148e-07
168.5,4.810462409905085e-07
169.0,5.195969094348436e-07
169.5,3.1915771651712007e-06
170.0,9.395439188880356e-06
170.5,2.7368224491691256e-06
171.0,5.113302536505838e-07
171.5,4.960920618650607e-07
172.0,5.256744106780351e-07
172.5,5.137130215330605e-07
173.0,6.074015732214506e-07
173.5,6.21179559600478e-07
174.0,5.173551333854089e-07
174.5,4.783509972580167e-07
175.0,5.028149352879602e-07
175.5,4.3604134898203163e-07
176.0,3.6770430573326254e-07
176.5,3.2692424693514906e-07
177.0,2.5905418818980355e-07
177.5,1.720922297143371e-07
178.0,1.0734764294933538e-07
178.5,5.44398509668845e-08
179.0,1.9710699729383926e-08
179.5,4.1932836502483835e-09
180.0,8.60882155697881e-10
180.5,3.976801555197587e-09
181.0,1.8648903499039072e-08
181.5,5.280617171386246e-08
182.0,1.0693383077181227e-07
182.5,1.7121691883308966e-07
183.0,2.612385799387965e-07
183.5,3.329892865141359e-07
184.0,3.65723180509701e-07
184.5,4.082423933186142e-07
185.0,4.4173508831957834e-07
185.5,4.613058298843451e-07
186.0,5.12618551730383e-07
186.5,6.333678760354942e-07
187.0,6.080144069329871e-07
187.5,5.501045214536478e-07
188.0,5.380083262167559e-07
188.5,5.104594317144895e-07
189.0,5.590887747849856e-07
189.5,3.3447965334856164e-06
190.0,9.50529230954242e-06
190.5,2.5528232955294535e-06
191.0,4.947106222210121e-07
191.5,4.5719096027019776e-07
192.0,4.593921624538982e-07
192.5,4.914946730550252e-07
193.0,6.132104984981609e-07
193.5,6.040666951492042e-07
194.0,4.775374132554245e-07
194.5,4.4638164282549637e-07
195.0,4.384387133216581e-07
195.5,4.530475561603827e-07
196.0,4.839709854449101e-07
196.5,6.416102600262888e-07
197.0,6.137552395409707e-07
197.5,4.973544911133209e-07
198.0,4.947421935878515e-07
198.5,5.055771460162672e-07
199.0,5.80645751302786e-07
199.5,1.8860480382909162e-06
200.0,4.377972615838864e-06
200.5,1.4739037307091008e-06
201.0,5.499154644424287e-07
201.5,5.085943359750754e-07
202.0,4.986384492397166e-07
202.5,5.384875136919696e-07
203.0,6.616853884039757e-07
203.5,6.172868787318701e-07
204.0,4.977914198419681e-07
204.5,4.819561592783549e-07
205.0,5.007356165773923e-07
205.5,5.565666074082956e-07
206.0,6.110290017956664e-07
206.5,7.519247309822145e-07
207.0,6.472283095316433e-07
207.5,4.968313579035242e-07
208.0,4.985477246705043e-07
208.5,5.081654613153203e-07
209.0,5.875586492092142e-07
209.5,1.410342684389901e-06
210.0,3.148824041340063e-06
210.5,1.1384206398487719e-06
211.0,5.055610952477538e-07
211.5,4.8860515163063e-07
212.0,5.176674461192076e-07
212.5,6.041057471829152e-07
213.0,7.33755961139576e-07
213.5,7.042302406093538e-07
214.0,5.181431562397278e-07
214.5,5.042472808074651e-07
215.0,5.110294486631879e-07
215.5,5.075209046731476e-07
216.0,5.417085617459959e-07
216.5,7.020855956812376e-07
217.0,6.54900077044774e-07
217.5,5.158317581451802e-07
218.0,5.083902058072627e-07
218.5,5.51510394036138e-07
219.0,6.372308377901433e-07
219.5,1.2802025626992761e-06
220.0,2.591061924729135e-06
220.5,1.1131789211743919e-06
221.0,5.547318856539585e-07
221.5,5.06607095004644e-07
222.0,5.167340236629581e-07
222.5,5.77578329595492e-07
223.0,7.062569743999267e-07
223.5,6.58219735088582e-07
224.0,5.232091453200052e-07
224.5,5.238784058104407e-07
225.0,5.846589027013043e-07
225.5,5.684781540637712e-07
226.0,5.712933487982009e-07
226.5,7.163775361892445e-07
227.0,6.730202575604795e-07
227.5,5.763042038997854e-07
228.0,5.853347030947572e-07
228.5,6.150507953653705e-07
229.0,7.431581264341982e-07
229.5,3.0877568997702006e-06
230.0,7.776351904084533e-06
230.5,2.5312751642370086e-06
231.0,7.024845256793311e-07
231.5,6.428277974828432e-07
232.0,6.294406629584942e-07
232.5,6.336657246992953e-07
233.0,7.582675345440814e-07
233.5,7.552482234392896e-07
234.0,6.509817639582314e-07
234.5,6.321677660674018e-07
235.0,6.301398028920272e-07
235.5,6.42252063404263e-07
236.0,6.713923803475623e-07
236.5,7.445838615015339e-07
237.0,7.697341009278475e-07
237.5,8.16418581154323e-07
238.0,8.808856160585751e-07
238.5,1.0109639127240263e-06
239.0,2.189752020538658e-06
239.5,0.0001713219924682064
240.0,0.0005390410387548177
240.5,0.0001321276278719774
241.0,1.5773187352799484e-06
241.5,9.489066992861197e-07
242.0,7.977510944459469e-07
242.5,7.47799698413272e-07
243.0,7.840234150866138e-07
243.5,7.43231429298879e-07
244.0,7.072467133859621e-07
244.5,6.552295081073475e-07
245.0,6.081295622305553e-07
245.5,6.434442798709035e-07
246.0,6.677181173826409e-07
246.5,7.518347906012273e-07
247.0,6.892882759290814e-07
247.5,6.266252030876529e-07
248.0,6.863253862914069e-07
248.5,6.547733272050057e-07
249.0,7.315903803570973e-07
249.5,2.709050073287659e-06
250.0,7.201880570510761e-06
250.5,2.455649864812815e-06
251.0,6.570251507657783e-07
251.5,5.750813859439798e-07
252.0,5.978464771033555e-07
252.5,5.953771103847601e-07
253.0,6.043988595066459e-07
253.5,5.770661744232622e-07
254.0,5.037040724889084e-07
254.5,4.915425456662165e-07
255.0,5.038770019251516e-07
255.5,4.94985360005587e-07
256.0,5.301608071848944e-07
256.5,5.840334432690635e-07
257.0,5.263589204126628e-07
257.5,4.7539644520485693e-07
258.0,4.819182181006245e-07
258.5,5.077379125233084e-07
259.0,5.647688491249878e-07
259.5,1.1567297311338522e-06
260.0,2.2386415399154775e-06
260.5,9.544100461970903e-07
261.0,4.769853759533765e-07
261.5,4.499846375729692e-07
262.0,4.5505487068724926e-07
262.5,5.17954331301794e-07
263.0,5.252822272598714e-07
263.5,4.95174185721943e-07
264.0,4.5309655374842216e-07
264.5,4.495566172739078e-07
265.0,4.464932350685021e-07
265.5,4.554952346287234e-07
266.0,4.692200028597242e-07
266.5,5.533314759612139e-07
267.0,4.934182129513326e-07
267.5,4.282442186864074e-07
268.0,4.424747822990409e-07
268.5,4.560253348726779e-07
269.0,4.848040862376446e-07
269.5,7.110409215541977e-07
270.0,1.1233841769534433e-06
270.5,6.11347182139144e-07
271.0,4.256290676999479e-07
271.5,4.02133397610923e-07
272.0,4.072428109086868e-07
272.5,4.257802247469189e-07
273.0,4.784605771616221e-07
273.5,4.7013595072996614e-07
274.0,4.2493226743109286e-07
274.5,4.1922460576959227e-07
275.0,4.703161972393357e-07
275.5,4.4362093783454806e-07
276.0,4.328120386926946e-07
276.5,4.819377884726986e-07
277.0,4.447851293650864e-07
277.5,3.952232291509345e-07
278.0,3.9289592812921766e-07
278.5,4.056986273120026e-07
279.0,4.676930279624612e-07
279.5,7.552742239302256e-07
280.0,1.1850359805317355e-06
280.5,6.165734871358349e-07
281.0,4.3252894922442214e-07
281.5,4.124106339633855e-07
282.0,4.0890925581554246e-07
282.5,4.111053360432521e-07
283.0,4.6777151449779914e-07
283.5,4.5206068225546426e-07
284.0,3.9072757990770884e-07
284.5,3.7626228249283487e-07
285.0,3.7850189901024864e-07
285.5,4.0795891353139055e-07
286.0,4.288236526508652e-07
286.5,4.611679545032982e-07
287.0,4.5947290698465534e-07
287.5,4.581236664222824e-07
288.0,4.0997118054884813e-07
288.5,4.0566506001724345e-07
289.0,4.2447445351533214e-07
289.5,8.036565536084758e-07
290.0,1.437647318651435e-06
290.5,6.729049142256415e-07
291.0,4.5731487663294983e-07
291.5,4.361450407092832e-07
292.0,4.183736419633819e-07
292.5,4.2722655425473636e-07
293.0,4.487430454646623e-07
293.5,4.358318604062864e-07
294.0,4.198594140441794e-07
294.5,4.1286754459439325e-07
295.0,4.168118876289925e-07
295.5,4.302727015170393e-07
296.0,4.359608171054814e-07
296.5,4.82706541600421e-07
297.0,4.581482160284969e-07
297.5,4.3356351363485915e-07
298.0,4.6282942377103736e-07
298.5,5.10512860899912e-07
299.0,6.127304013143975e-07
299.5,1.7476048525578888e-06
300.0,3.5784280669694744e-06
300.5,1.3044712610766546e-06
301.0,5.022163294889044e-07
301.5,4.4550045777383715e-07
302.0,4.267968035312392e-07
302.5,4.1971921642510865e-07
303.0,4.3610835150519396e-07
303.5,4.359623467884083e-07
304.0,4.1054166625766475e-07
304.5,4.155461659979674e-07
305.0,4.147837702131222e-07
305.5,4.1033950533928626e-07
306.0,4.1865978381280903e-07
306.5,4.7387372676077287e-07
307.0,4.4350653269716487e-07
307.5,4.1124816522364666e-07
308.0,4.6218316936591557e-07
308.5,4.2712258425776603e-07
309.0,4.2470676062637557e-07
309.5,6.387198481144526e-07
310.0,9.192406798917045e-07
310.5,5.420420286915437e-07
311.0,4.107102673841658e-07
311.5,3.909778446124546e-07
312.0,3.982987307138594e-07
312.5,4.519313564994552e-07
313.0,4.531556212480216e-07
313.5,4.167112301317801e-07
314.0,3.7967822684383253e-07
314.5,3.9528115122664116e-07
315.0,4.091204404751746e-07
315.5,4.0654751160974627e-07
316.0,4.211936330302386e-07
316.5,4.64026906624227e-07
317.0,4.250777615439454e-07
317.5,3.9578589546763065e-07
318.0,3.9949197167604287e-07
318.5,4.1319632504990705e-07
319.0,4.4515012303654223e-07
319.5,6.895652861942799e-07
320.0,9.89594025560035e-07
320.5,5.343017652843323e-07
321.0,3.894502186886876e-07
321.5,3.811435268816754e-07
322.0,3.8684629902115896e-07
322.5,4.122841282805799e-07
323.0,4.6217409122467997e-07
323.5,4.462053595265782e-07
324.0,3.8219502493543976e-07
324.5,3.9447864050999754e-07
325.0,4.239678813152377e-07
325.5,4.0638758806591733e-07
326.0,4.145700274108008e-07
326.5,4.503033468556308e-07
327.0,4.159295681553962e-07
327.5,3.70560493339795e-07
328.0,3.886140508577792e-07
328.5,3.8104848097016214e-07
329.0,3.975115680898213e-07
329.5,6.141510518055597e-07
330.0,9.293354906776304e-07
330.5,5.457670725744335e-07
331.0,3.8754377024502144e-07
331.5,3.6963044419773527e-07
332.0,3.7504061884565686e-07
332.5,3.8547735982513665e-07
333.0,4.267735629157582e-07
333.5,4.20480005753064e-07
334.0,3.7410333017335197e-07
334.5,3.6141867479771024e-07
335.0,3.651671456871394e-07
335.5,3.735499356301333e-07
336.0,3.935781726279319e-07
336.5,4.286141503857588e-07
337.0,4.031693029459675e-07
337.5,4.0412807790708093e-07
338.0,3.6489948001191454e-07
338.5,3.650827208582614e-07
339.0,3.912914953350803e-07
339.5,6.845257754494641e-07
340.0,1.0761020335775363e-06
340.5,5.3080284684778e-07
341.0,3.61139669313115e-07
341.5,3.3819519471676884e-07
342.0,3.6316770879781915e-07
342.5,3.6944381811743353e-07
343.0,3.8518954631790684e-07
343.5,3.875791232530648e-07
344.0,3.497900519524384e-07
344.5,3.2864538745502003e-07
345.0,3.3582551227405167e-07
345.5,3.5603419635756487e-07
346.0,3.718856688485882e-07
346.5,3.8755296689388013e-07
347.0,3.704605120446363e-07
347.5,3.4396067205500046e-07
348.0,3.5814297634424065e-07
348.5,3.6198683364346544e-07
349.0,3.8225010097981237e-07
349.5,8.088883190271748e-07
350.0,1.5442923518382285e-06
350.5,6.691611020945906e-07
351.0,3.7620282723307285e-07
351.5,3.663858838272474e-07
352.0,3.6356582372036315e-07
352.5,3.706562898273142e-07
353.0,4.031562418566908e-07
353.5,3.9638843483795906e-07
354.0,3.696216638934361e-07
354.5,3.6236019142465507e-07
355.0,3.915559874563408e-07
355.5,4.107568470225113e-07
356.0,4.162299562072764e-07
356.5,4.416935177790016e-07
357.0,4.3618238305636633e-07
357.5,4.506617934514766e-07
358.0,5.066526428341423e-07
358.5,5.210952089997761e-07
359.0,7.16963507372675e-07
359.5,1.4026979850234378e-05
360.0,3.728461194096713e-05
360.5,1.0214210868748169e-05
361.0,5.938509495206387e-07
361.5,4.4886694671753745e-07
362.0,4.274089227533594e-07
362.5,4.479025743877618e-07
363.0,4.31202161772399e-07
363.5,3.990113407299367e-07
364.0,3.8727590806176987e-07
364.5,3.866361473731164e-07
365.0,3.906862571912966e-07
365.5,3.967556060934848e-07
366.0,4.2326826838545745e-07
366.5,4.4061091331979867e-07
367.0,3.749546457261034e-07
367.5,3.651787261540485e-07
368.0,3.5428792509895136e-07
368.5,3.591912926272694e-07
369.0,3.914056128343267e-07
369.5,9.107280206061979e-07
370.0,1.6953853648781383e-06
370.5,6.655093788029228e-07
371.0,3.6031108605178436e-07
371.5,3.4703701597168813e-07
372.0,3.234560676752775e-07
372.5,3.258730439115637e-07
373.0,3.6883840152043174e-07
373.5,3.501877915588286e-07
374.0,3.2597851876187785e-07
374.5,3.4394022087157255e-07
375.0,4.240109732581386e-07
375.5,3.714427066442391e-07
376.0,3.475375542564877e-07
376.5,3.647132813719468e-07
377.0,3.4650896372598855e-07
377.5,3.2057420658072317e-07
378.0,3.173058609457783e-07
378.5,3.141168724345794e-07
379.0,3.454293883141612e-07
379.5,5.621255076325004e-07
380.0,8.422988560640722e-07
380.5,4.700452895163118e-07
381.0,3.368141830083913e-07
381.5,3.17924896611942e-07
382.0,3.11982960970213e-07
382.5,3.229072319348131e-07
383.0,3.4229020683294307e-07
383.5,3.3762799149930136e-07
384.0,3.050902502687066e-07
384.5,2.942473498530815e-07
385.0,3.1300438473014116e-07
385.5,3.2952532257947523e-07
386.0,3.250673183685639e-07
386.5,3.373971169059777e-07
387.0,3.2583134429259467e-07
387.5,3.295492753367225e-07
388.0,3.159669543848532e-07
388.5,3.1037983118821e-07
389.0,3.2440592950871796e-07
389.5,4.81341201702587e-07
390.0,6.933852824236369e-07
390.5,4.1142938933939803e-07
391.0,3.0955750641484225e-07
391.5,3.0665998549284715e-07
392.0,3.163398602951625e-07
392.5,3.217737245017241e-07
393.0,3.4005115874615026e-07
393.5,3.3495099563500295e-07
394.0,3.07970437789342e-07
394.5,2.96729226194344e-07
395.0,2.975843165104558e-07
395.5,3.10560278099716e-07
396.0,3.2898212730669407e-07
396.5,3.518264576871328e-07
397.0,3.2064466756837656e-07
397.5,2.963125410918009e-07
398.0,3.170913341713852e-07
398.5,3.3371169308947256e-07
399.0,3.5893550634815025e-07
399.5,6.819559541525329e-07
400.0,9.592830775163182e-07
400.5,4.5376547653628337e-07
401.0,3.171353263994153e-07
401.5,3.141755000455818e-07
402.0,3.110259772476529e-07
402.5,3.0687972915376827e-07
403.0,3.177192307916258e-07
403.5,3.068250544598363e-07
404.0,2.8492659107132946e-07
404.5,2.8294316812533723e-07
405.0,2.8884720310920495e-07
405.5,3.007738779397372e-07
406.0,3.069168300999588e-07
406.5,3.172472678928429e-07
407.0,2.943199677366491e-07
407.5,2.9332951926952334e-07
408.0,3.063764090488716e-07
408.5,3.169966968011981e-07
409.0,3.1357397461180156e-07
409.5,3.7179731357877584e-07
410.0,4.5535003286325407e-07
410.5,3.307219078827481e-07
411.0,2.8869606415929746e-07
411.5,2.8937952129957064e-07
412.0,2.9316926001388413e-07
412.5,3.191969994707093e-07
413.0,3.088470699247186e-07
413.5,2.907226783713805e-07
414.0,2.8063042972076544e-07
414.5,2.7570433645167e-07
415.0,2.8594750771569646e-07
415.5,3.0231128829381977e-07
416.0,3.043375980142247e-07
416.5,3.093655926236759e-07
417.0,2.94792412764634e-07
417.5,3.075266548748997e-07
418.0,3.6819839783660887e-07
418.5,3.5247271209110625e-07
419.0,3.9076565864206206e-07
419.5,1.0382412007888725e-06
420.0,2.0980085927207097e-06
420.5,9.44752791612871e-07
421.0,3.427517056735477e-07
421.5,3.032489078967115e-07
422.0,2.890961818245926e-07
422.5,2.859806505033738e-07
423.0,2.9691622903973397e-07
423.5,2.839450461668225e-07
424.0,2.686655010904975e-07
424.5,2.819293073288744e-07
425.0,3.0581075059200486e-07
425.5,2.866671493112312e-07
426.0,2.7228879226178916e-07
426.5,2.798256201122355e-07
427.0,2.705369325967749e-07
427.5,2.7297383990705025e-07
428.0,2.8328821354031704e-07
428.5,2.810974039445948e-07
429.0,2.892964119423554e-07
429.5,4.039944821005445e-07
430.0,5.535063213968173e-07
430.5,3.259883162026717e-07
431.0,2.64105053843195e-07
431.5,2.648912564917044e-07
432.0,2.525041065111876e-07
432.5,2.477901936291748e-07
433.0,2.535985275465021e-07
433.5,2.485677270293315e-07
434.0,2.3525884964548414e-07
434.5,2.4067830110195237e-07
435.0,2.4788965825239063e-07
435.5,2.4392624414549005e-07
436.0,2.5139463161985743e-07
436.5,2.4777563826149333e-07
437.0,2.417579002455775e-07
437.5,2.484354993038589e-07
438.0,2.2611495218261357e-07
438.5,2.370938299056867e-07
439.0,2.558127471665318e-07
439.5,3.1355520632619687e-07
440.0,3.7301259633556123e-07
440.5,2.6881651562100936e-07
441.0,2.240925090623429e-07
441.5,2.2637415877001404e-07
442.0,2.2919566156190667e-07
442.5,2.1656374400834325e-07
443.0,2.338798884462647e-07
443.5,2.274091638975673e-07
444.0,2.1617159863108858e-07
444.5,2.0586446851613646e-07
445.0,2.0659589723466685e-07
445.5,2.195135836501947e-07
446.0,2.2951795957615204e-07
446.5,2.226424435118885e-07
447.0,2.0930659606151397e-07
447.5,2.253608333117167e-07
448.0,2.1485230094884093e-07
448.5,1.9687437526742916e-07
449.0,2.067678632063824e-07
449.5,2.5163461551247277e-07
450.0,2.9500405854806005e-07
450.5,2.1493176270432586e-07
451.0,2.0002168500414581e-07
451.5,1.9417111585118647e-07
452.0,1.93085375137808e-07
452.5,1.9457967089464235e-07
453.0,1.9936731982778477e-07
453.5,1.9718911351257078e-07
454.0,1.8551269893376363e-07
454.5,1.827782994315478e-07
455.0,1.8474237019588176e-07
455.5,1.90147023087991e-07
456.0,1.919295259509326e-07
456.5,1.9147479031996248e-07
457.0,1.8249403641954576e-07
457.5,1.7567934189270662e-07
458.0,1.780210122712976e-07
458.5,1.7863769395119906e-07
459.0,1.8674945235668076e-07
459.5,2.193615795260507e-07
460.0,2.518024146259266e-07
460.5,1.8976005475035736e-07
461.0,1.6821051727124406e-07
461.5,1.6144604512961672e-07
462.0,1.6550563497573206e-07
462.5,1.8026208713409487e-07
463.0,1.7356433367477791e-07
463.5,1.63556633995228e-07
464.0,1.6225956531229076e-07
464.5,1.5992740451043194e-07
465.0,1.5797454972644228e-07
465.5,1.735794636783861e-07
466.0,1.7024758549033812e-07
466.5,1.6272044693416068e-07
467.0,1.546887188720039e-07
467.5,1.497083570284738e-07
468.0,1.5431010461973416e-07
468.5,1.5615416554483181e-07
469.0,1.623585647495654e-07
469.5,2.0501422186334057e-07
470.0,2.58682257739164e-07
470.5,1.775419557439561e-07
471.0,1.4778368977411625e-07
471.5,1.486869216629647e-07
472.0,1.4749450734182837e-07
472.5,1.4443485913500824e-07
473.0,1.4639404637034942e-07
473.5,1.4317003786462636e-07
474.0,1.3822337334500338e-07
474.5,1.4138225770676934e-07
475.0,1.4573201707715076e-07
475.5,1.3579710482951412e-07
476.0,1.34688467051839e-07
476.5,1.309338203414708e-07
477.0,1.2651470075718344e-07
477.5,1.319562523424947e-07
478.0,1.4165168890831722e-07
478.5,1.3966778522929938e-07
479.0,2.9227325009365754e-07
479.5,5.4648004105134495e-06
480.0,1.2031496799173999e-05
480.5,3.4206820909240195e-06
481.0,1.7901197062642323e-07
481.5,1.2360357645969889e-07
482.0,1.1829697937413904e-07
482.5,1.2033946002551669e-07
483.0,1.1980380968352502e-07
483.5,1.1307347243037559e-07
484.0,1.0673732488940628e-07
484.5,1.0600482997614387e-07
485.0,1.0946571715435611e-07
485.5,1.1219078284321167e-07
486.0,1.0826772934947129e-07
486.5,1.1305205413317015e-07
487.0,1.108861785779775e-07
487.5,1.1105356947706351e-07
488.0,1.226873178560475e-07
488.5,1.385282354735563e-07
489.0,1.1023945706841561e-07
489.5,1.25889570099069e-07
490.0,1.451946951792066e-07
490.5,1.1078358649283741e-07
491.0,9.30707488231737e-08
491.5,9.362158219547269e-08
492.0,9.177412289868579e-08
492.5,9.0679464792979e-08
493.0,8.907447736244409e-08
493.5,9.016464876503899e-08
494.0,8.797911345256655e-08
494.5,8.729210145245065e-08
495.0,8.845721558435189e-08
495.5,8.913218507138705e-08
496.0,8.636208758220685e-08
496.5,8.696399586388911e-08
497.0,8.523833087293403e-08
497.5,8.452521454745116e-08
498.0,8.577331802658373e-08
498.5,8.573769637384917e-08
499.0,9.574788278879779e-08
499.5,1.4802540294503564e-07
500.0,1.748325104226766e-07
